,video,release,video_start,video_end
0,1,3.433333333333333,2433.333333333333,6933.333333333333
1,2,13.799999999999999,12799.999999999998,17300.0
2,3,20.066666666666666,19066.666666666668,23566.666666666668
3,4,29.4,28400.0,32900.0
4,5,38.13333333333333,37133.333333333336,41633.333333333336
5,6,45.56666666666666,44566.666666666664,49066.666666666664
6,7,55.63333333333333,54633.333333333336,59133.333333333336
